{"cameraMode":{"drawMode":0,"name":"Shaded","section":"Shading Mode"},"sceneLighting":false,"audioPlay":false,"sceneViewState":{"m_AlwaysRefresh":false,"showFog":true,"showSkybox":false,"showFlares":true,"showImageEffects":true,"showParticleSystems":true,"showVisualEffectGraphs":true,"m_FxEnabled":true},"in2DMode":false,"pivot":{"x":2.190000057220459,"y":3.2344202995300295,"z":-9.005999565124512},"rotation":{"x":0.10182376205921173,"y":0.0012070114025846124,"z":-0.00012141745537519455,"w":0.9948083162307739},"size":0.8660253882408142,"orthographic":false}