{"cameraMode":{"drawMode":0,"name":"Shaded","section":"Shading Mode"},"sceneLighting":true,"audioPlay":false,"sceneViewState":{"m_AlwaysRefresh":false,"showFog":true,"showSkybox":true,"showFlares":true,"showImageEffects":true,"showParticleSystems":true,"showVisualEffectGraphs":true,"m_FxEnabled":true},"in2DMode":false,"pivot":{"x":-0.2712423801422119,"y":2.7147269248962404,"z":-0.025360167026519777},"rotation":{"x":-0.019865741953253747,"y":0.6423730850219727,"z":-0.01693173125386238,"w":-0.7661906480789185},"size":5.140899658203125,"orthographic":false}