{"cameraMode":{"drawMode":0,"name":"Shaded","section":"Shading Mode"},"sceneLighting":false,"audioPlay":false,"sceneViewState":{"m_AlwaysRefresh":false,"showFog":true,"showSkybox":false,"showFlares":true,"showImageEffects":true,"showParticleSystems":true,"showVisualEffectGraphs":true,"m_FxEnabled":true},"in2DMode":false,"pivot":{"x":-0.0002499818801879883,"y":1.6530375480651856,"z":1.7731901407241822},"rotation":{"x":-0.06590832024812699,"y":-0.8663873672485352,"z":0.11805670708417893,"w":-0.48108312487602236},"size":5.344170570373535,"orthographic":false}